0	157	{}
0	413	{}
0	939	{}
0	530	{}
0	121	{}
0	297	{}
1	963	{}
1	599	{}
1	750	{}
2	640	{}
2	115	{}
2	334	{}
2	169	{}
3	217	{}
3	976	{}
3	612	{}
4	905	{}
4	369	{}
4	263	{}
4	223	{}
4	323	{}
4	181	{}
4	448	{}
4	796	{}
4	964	{}
4	668	{}
4	512	{}
4	472	{}
4	983	{}
4	267	{}
4	383	{}
4	811	{}
4	836	{}
4	59	{}
4	833	{}
4	721	{}
4	466	{}
4	711	{}
4	195	{}
4	817	{}
4	221	{}
4	952	{}
4	14	{}
4	589	{}
4	847	{}
4	81	{}
4	730	{}
4	837	{}
4	875	{}
4	151	{}
4	37	{}
5	966	{}
5	345	{}
6	426	{}
6	700	{}
6	897	{}
6	916	{}
6	505	{}
7	965	{}
7	7	{}
8	564	{}
8	97	{}
9	384	{}
9	517	{}
9	154	{}
9	521	{}
9	907	{}
9	44	{}
9	132	{}
9	918	{}
9	613	{}
10	50	{}
10	457	{}
10	694	{}
11	864	{}
11	570	{}
11	602	{}
12	553	{}
12	966	{}
12	80	{}
12	604	{}
12	910	{}
12	938	{}
12	365	{}
13	284	{}
13	873	{}
13	606	{}
13	806	{}
13	315	{}
14	876	{}
14	475	{}
14	764	{}
14	561	{}
14	140	{}
15	560	{}
15	989	{}
15	619	{}
15	231	{}
15	982	{}
15	211	{}
16	988	{}
16	570	{}
16	23	{}
16	107	{}
16	771	{}
17	909	{}
17	518	{}
17	658	{}
17	786	{}
18	238	{}
18	460	{}
18	483	{}
18	848	{}
18	41	{}
18	215	{}
18	380	{}
18	425	{}
19	330	{}
19	362	{}
19	683	{}
19	154	{}
19	148	{}
19	126	{}
19	590	{}
19	34	{}
19	44	{}
19	561	{}
19	821	{}
19	882	{}
20	856	{}
20	700	{}
20	628	{}
21	436	{}
21	298	{}
22	162	{}
22	334	{}
23	322	{}
23	311	{}
23	920	{}
24	841	{}
24	800	{}
24	33	{}
24	692	{}
24	565	{}
25	921	{}
25	224	{}
25	312	{}
26	641	{}
26	107	{}
27	564	{}
27	936	{}
27	577	{}
27	641	{}
28	758	{}
28	61	{}
28	987	{}
28	442	{}
28	990	{}
29	360	{}
29	700	{}
30	777	{}
30	733	{}
30	145	{}
30	764	{}
31	486	{}
31	422	{}
31	503	{}
32	481	{}
32	438	{}
32	53	{}
32	269	{}
33	296	{}
33	825	{}
34	540	{}
34	557	{}
34	849	{}
34	442	{}
34	148	{}
35	693	{}
35	971	{}
35	165	{}
35	326	{}
36	711	{}
36	724	{}
36	764	{}
37	432	{}
37	919	{}
37	471	{}
38	496	{}
38	795	{}
38	73	{}
39	89	{}
39	771	{}
40	100	{}
40	57	{}
40	594	{}
40	626	{}
40	697	{}
40	291	{}
41	988	{}
41	653	{}
42	857	{}
42	592	{}
43	831	{}
43	221	{}
43	479	{}
43	243	{}
43	280	{}
44	988	{}
44	991	{}
44	774	{}
44	415	{}
44	397	{}
44	240	{}
44	852	{}
44	738	{}
44	350	{}
44	499	{}
44	304	{}
44	315	{}
44	362	{}
44	884	{}
45	557	{}
45	761	{}
45	293	{}
45	786	{}
45	435	{}
46	272	{}
46	862	{}
46	85	{}
47	453	{}
47	837	{}
47	605	{}
47	133	{}
48	525	{}
48	464	{}
48	73	{}
48	236	{}
48	318	{}
49	136	{}
49	548	{}
49	326	{}
49	777	{}
49	994	{}
49	737	{}
50	899	{}
50	182	{}
50	347	{}
51	572	{}
51	791	{}
52	529	{}
52	468	{}
53	399	{}
53	270	{}
53	315	{}
53	987	{}
53	503	{}
54	234	{}
54	718	{}
54	585	{}
54	673	{}
54	883	{}
54	920	{}
55	515	{}
55	486	{}
55	74	{}
56	531	{}
56	982	{}
56	206	{}
57	483	{}
58	431	{}
58	58	{}
58	611	{}
58	830	{}
58	942	{}
59	903	{}
59	739	{}
59	763	{}
59	764	{}
60	739	{}
60	924	{}
60	611	{}
60	241	{}
60	173	{}
61	860	{}
61	557	{}
61	224	{}
61	279	{}
62	783	{}
62	243	{}
62	257	{}
62	970	{}
62	88	{}
63	650	{}
63	159	{}
64	86	{}
64	793	{}
64	279	{}
65	621	{}
65	232	{}
66	831	{}
66	201	{}
66	693	{}
66	546	{}
66	703	{}
66	636	{}
66	741	{}
66	715	{}
66	436	{}
66	629	{}
66	123	{}
66	331	{}
66	857	{}
67	828	{}
67	132	{}
67	879	{}
68	841	{}
68	824	{}
68	621	{}
69	243	{}
69	590	{}
70	315	{}
70	265	{}
70	487	{}
70	583	{}
71	84	{}
71	366	{}
71	653	{}
72	430	{}
72	449	{}
72	670	{}
72	887	{}
73	877	{}
73	894	{}
73	719	{}
73	175	{}
73	676	{}
73	709	{}
73	672	{}
73	153	{}
73	908	{}
73	112	{}
73	673	{}
73	593	{}
73	642	{}
73	212	{}
73	318	{}
73	95	{}
73	704	{}
73	351	{}
73	118	{}
73	808	{}
73	902	{}
73	388	{}
73	165	{}
73	496	{}
73	79	{}
73	299	{}
73	795	{}
73	391	{}
73	669	{}
73	826	{}
73	748	{}
73	591	{}
73	630	{}
73	324	{}
73	538	{}
73	152	{}
73	631	{}
73	582	{}
73	705	{}
73	692	{}
73	520	{}
73	780	{}
73	804	{}
73	742	{}
73	994	{}
73	208	{}
73	855	{}
73	875	{}
73	927	{}
73	339	{}
73	867	{}
73	367	{}
73	305	{}
73	149	{}
73	555	{}
73	341	{}
73	129	{}
73	261	{}
73	262	{}
73	613	{}
73	679	{}
73	464	{}
73	955	{}
73	156	{}
73	293	{}
73	892	{}
73	446	{}
73	236	{}
73	770	{}
73	344	{}
73	408	{}
73	184	{}
73	509	{}
73	487	{}
73	525	{}
73	458	{}
73	189	{}
73	665	{}
73	292	{}
73	819	{}
73	839	{}
73	959	{}
73	514	{}
73	213	{}
73	480	{}
73	234	{}
73	661	{}
73	794	{}
73	655	{}
73	618	{}
73	167	{}
73	585	{}
73	309	{}
73	255	{}
73	190	{}
73	765	{}
73	865	{}
73	883	{}
73	835	{}
73	526	{}
73	534	{}
73	751	{}
73	803	{}
73	441	{}
73	728	{}
73	73	{}
73	259	{}
73	247	{}
73	603	{}
73	326	{}
73	718	{}
73	649	{}
73	901	{}
73	385	{}
73	160	{}
73	569	{}
73	378	{}
73	746	{}
73	779	{}
73	871	{}
73	177	{}
73	393	{}
73	589	{}
73	488	{}
73	96	{}
73	484	{}
73	873	{}
73	700	{}
73	697	{}
73	917	{}
73	472	{}
73	893	{}
73	170	{}
73	358	{}
73	178	{}
73	244	{}
73	685	{}
73	859	{}
73	652	{}
73	759	{}
73	290	{}
73	500	{}
73	821	{}
73	465	{}
73	329	{}
73	453	{}
73	667	{}
73	754	{}
73	201	{}
73	900	{}
73	897	{}
73	273	{}
73	282	{}
73	688	{}
74	438	{}
74	315	{}
75	539	{}
75	970	{}
75	78	{}
75	975	{}
76	947	{}
76	418	{}
76	943	{}
76	191	{}
76	168	{}
77	545	{}
77	949	{}
77	511	{}
77	786	{}
77	606	{}
78	813	{}
78	597	{}
78	674	{}
79	589	{}
79	236	{}
79	326	{}
79	930	{}
80	789	{}
80	615	{}
80	567	{}
80	616	{}
81	451	{}
81	797	{}
81	755	{}
82	553	{}
82	694	{}
82	978	{}
83	218	{}
83	196	{}
83	195	{}
83	739	{}
83	834	{}
83	307	{}
83	552	{}
83	825	{}
83	764	{}
84	360	{}
85	913	{}
85	832	{}
85	331	{}
85	456	{}
86	379	{}
86	851	{}
86	314	{}
86	119	{}
86	786	{}
86	395	{}
86	991	{}
86	628	{}
87	891	{}
87	889	{}
87	564	{}
88	532	{}
88	245	{}
89	765	{}
89	407	{}
90	824	{}
90	155	{}
90	478	{}
90	527	{}
90	621	{}
91	203	{}
91	599	{}
91	761	{}
91	122	{}
92	271	{}
92	146	{}
92	821	{}
93	950	{}
93	600	{}
93	98	{}
93	214	{}
93	609	{}
93	625	{}
93	640	{}
93	363	{}
93	392	{}
93	813	{}
93	831	{}
93	453	{}
94	240	{}
94	953	{}
94	362	{}
95	525	{}
95	112	{}
95	676	{}
96	745	{}
96	214	{}
96	402	{}
96	239	{}
96	831	{}
97	550	{}
97	238	{}
97	995	{}
98	629	{}
98	889	{}
98	219	{}
98	831	{}
98	510	{}
98	100	{}
99	604	{}
99	316	{}
100	694	{}
100	126	{}
100	373	{}
100	907	{}
100	622	{}
100	240	{}
100	521	{}
100	554	{}
100	365	{}
100	463	{}
101	691	{}
101	961	{}
101	397	{}
101	315	{}
102	521	{}
102	559	{}
102	348	{}
103	767	{}
103	409	{}
103	128	{}
104	296	{}
104	387	{}
105	829	{}
105	888	{}
106	306	{}
106	859	{}
106	111	{}
106	463	{}
107	793	{}
107	407	{}
107	956	{}
108	597	{}
108	741	{}
108	219	{}
108	268	{}
109	912	{}
109	539	{}
110	417	{}
110	861	{}
110	651	{}
111	890	{}
111	454	{}
111	463	{}
113	397	{}
113	271	{}
113	270	{}
113	362	{}
113	942	{}
113	945	{}
114	114	{}
114	335	{}
114	942	{}
114	481	{}
114	641	{}
115	813	{}
116	519	{}
116	397	{}
117	899	{}
117	539	{}
117	893	{}
117	737	{}
117	473	{}
118	582	{}
118	278	{}
119	256	{}
120	729	{}
120	135	{}
120	288	{}
120	136	{}
120	764	{}
120	380	{}
121	847	{}
121	159	{}
121	999	{}
121	902	{}
121	645	{}
121	210	{}
122	833	{}
122	179	{}
123	130	{}
123	453	{}
124	627	{}
124	248	{}
124	650	{}
124	593	{}
125	698	{}
125	640	{}
125	191	{}
126	942	{}
127	971	{}
127	715	{}
128	581	{}
128	171	{}
128	821	{}
128	184	{}
129	234	{}
130	597	{}
130	197	{}
130	510	{}
130	764	{}
131	517	{}
131	575	{}
131	659	{}
132	304	{}
132	621	{}
132	235	{}
132	760	{}
132	264	{}
132	468	{}
132	556	{}
133	831	{}
133	674	{}
134	320	{}
134	775	{}
134	595	{}
135	847	{}
136	276	{}
136	650	{}
136	659	{}
136	303	{}
136	868	{}
137	662	{}
137	521	{}
137	151	{}
138	696	{}
138	847	{}
138	277	{}
138	802	{}
138	336	{}
138	806	{}
139	650	{}
139	708	{}
139	248	{}
139	621	{}
140	543	{}
140	325	{}
140	581	{}
140	213	{}
141	688	{}
141	544	{}
142	285	{}
142	344	{}
142	750	{}
142	262	{}
143	971	{}
143	519	{}
143	561	{}
143	662	{}
144	695	{}
144	234	{}
144	750	{}
144	341	{}
145	874	{}
145	315	{}
145	390	{}
146	747	{}
147	458	{}
147	494	{}
148	543	{}
148	301	{}
149	655	{}
149	197	{}
150	618	{}
150	509	{}
152	871	{}
152	408	{}
152	747	{}
152	393	{}
152	994	{}
153	312	{}
153	570	{}
154	535	{}
154	869	{}
155	621	{}
156	555	{}
157	634	{}
157	408	{}
157	159	{}
158	526	{}
158	551	{}
158	679	{}
158	326	{}
159	696	{}
159	453	{}
160	582	{}
160	458	{}
161	538	{}
161	894	{}
162	667	{}
162	729	{}
162	621	{}
162	868	{}
162	558	{}
163	757	{}
163	336	{}
163	975	{}
164	539	{}
164	938	{}
164	469	{}
165	326	{}
166	588	{}
166	745	{}
166	268	{}
166	510	{}
167	167	{}
168	784	{}
168	939	{}
168	772	{}
168	812	{}
168	942	{}
169	675	{}
169	693	{}
170	231	{}
170	217	{}
171	697	{}
171	702	{}
171	258	{}
172	445	{}
172	172	{}
173	869	{}
173	662	{}
173	206	{}
173	838	{}
174	762	{}
174	645	{}
174	868	{}
175	908	{}
175	326	{}
176	326	{}
176	929	{}
176	407	{}
177	679	{}
178	634	{}
178	637	{}
178	708	{}
178	615	{}
178	696	{}
179	621	{}
179	699	{}
179	513	{}
179	538	{}
180	513	{}
180	705	{}
180	326	{}
181	353	{}
181	372	{}
181	764	{}
181	851	{}
182	656	{}
182	345	{}
183	527	{}
183	501	{}
184	591	{}
185	667	{}
185	506	{}
185	403	{}
185	399	{}
185	237	{}
185	607	{}
185	270	{}
186	713	{}
186	362	{}
186	271	{}
186	850	{}
187	851	{}
187	896	{}
188	542	{}
188	650	{}
188	652	{}
188	667	{}
188	686	{}
188	303	{}
189	293	{}
189	393	{}
190	673	{}
190	557	{}
191	524	{}
191	560	{}
191	253	{}
192	993	{}
192	861	{}
192	899	{}
192	768	{}
192	912	{}
192	695	{}
193	193	{}
194	621	{}
194	677	{}
194	777	{}
195	991	{}
195	971	{}
196	512	{}
196	731	{}
196	764	{}
198	894	{}
198	867	{}
198	208	{}
198	236	{}
199	675	{}
199	609	{}
199	741	{}
199	246	{}
199	495	{}
199	813	{}
199	950	{}
200	821	{}
200	573	{}
201	588	{}
201	546	{}
201	609	{}
201	718	{}
201	317	{}
202	599	{}
202	678	{}
202	543	{}
203	287	{}
203	810	{}
204	472	{}
204	850	{}
204	216	{}
204	833	{}
205	318	{}
205	941	{}
205	827	{}
206	575	{}
206	953	{}
206	362	{}
206	915	{}
206	635	{}
206	801	{}
206	722	{}
206	821	{}
206	931	{}
206	827	{}
206	903	{}
206	708	{}
206	415	{}
207	792	{}
207	657	{}
209	612	{}
209	984	{}
209	842	{}
209	428	{}
210	541	{}
211	963	{}
211	989	{}
211	280	{}
212	585	{}
212	487	{}
212	603	{}
212	507	{}
213	603	{}
213	287	{}
213	809	{}
214	597	{}
214	633	{}
215	986	{}
216	558	{}
216	833	{}
216	971	{}
217	522	{}
217	612	{}
218	369	{}
218	736	{}
218	919	{}
218	971	{}
219	453	{}
220	332	{}
220	621	{}
220	684	{}
220	410	{}
221	321	{}
221	764	{}
222	695	{}
222	475	{}
223	275	{}
223	472	{}
223	952	{}
223	922	{}
223	411	{}
223	420	{}
223	764	{}
225	764	{}
225	612	{}
225	647	{}
225	891	{}
225	937	{}
225	492	{}
226	756	{}
226	797	{}
227	537	{}
227	586	{}
228	523	{}
228	621	{}
228	246	{}
229	627	{}
229	650	{}
229	230	{}
229	847	{}
229	753	{}
230	488	{}
230	413	{}
231	499	{}
232	362	{}
232	524	{}
233	629	{}
233	675	{}
233	813	{}
233	831	{}
235	453	{}
235	257	{}
235	841	{}
236	348	{}
236	803	{}
236	378	{}
236	372	{}
236	585	{}
236	623	{}
236	331	{}
236	748	{}
237	454	{}
237	604	{}
237	286	{}
237	946	{}
238	450	{}
238	998	{}
238	360	{}
238	418	{}
238	308	{}
238	773	{}
238	772	{}
238	665	{}
238	849	{}
239	625	{}
240	531	{}
240	535	{}
240	671	{}
241	611	{}
241	848	{}
242	565	{}
242	824	{}
242	352	{}
243	532	{}
243	621	{}
244	424	{}
244	505	{}
244	450	{}
244	281	{}
245	254	{}
246	546	{}
246	636	{}
246	597	{}
246	366	{}
247	520	{}
247	326	{}
247	464	{}
249	499	{}
249	459	{}
250	575	{}
250	643	{}
250	911	{}
250	580	{}
250	592	{}
250	742	{}
251	936	{}
251	290	{}
251	929	{}
251	579	{}
251	972	{}
252	601	{}
252	588	{}
252	822	{}
253	948	{}
253	914	{}
254	788	{}
255	261	{}
255	770	{}
255	386	{}
256	540	{}
256	918	{}
257	783	{}
257	621	{}
258	405	{}
258	559	{}
258	586	{}
258	662	{}
258	626	{}
258	897	{}
259	839	{}
259	309	{}
259	328	{}
259	780	{}
259	458	{}
260	764	{}
260	552	{}
260	767	{}
260	475	{}
260	582	{}
260	320	{}
261	551	{}
262	815	{}
263	764	{}
263	361	{}
263	621	{}
263	434	{}
264	264	{}
264	855	{}
265	524	{}
265	918	{}
266	764	{}
266	731	{}
267	807	{}
267	733	{}
267	905	{}
267	372	{}
268	453	{}
269	647	{}
269	482	{}
269	422	{}
269	281	{}
269	679	{}
269	283	{}
269	306	{}
270	720	{}
270	337	{}
271	531	{}
271	749	{}
272	308	{}
272	913	{}
273	633	{}
273	350	{}
273	362	{}
274	629	{}
274	698	{}
275	595	{}
275	924	{}
276	648	{}
276	667	{}
276	445	{}
277	634	{}
277	904	{}
277	277	{}
277	935	{}
277	654	{}
277	950	{}
278	898	{}
278	724	{}
278	308	{}
278	362	{}
279	797	{}
280	843	{}
280	809	{}
282	837	{}
282	546	{}
282	750	{}
283	691	{}
283	827	{}
283	375	{}
283	463	{}
284	375	{}
284	414	{}
285	292	{}
286	803	{}
286	638	{}
286	314	{}
286	946	{}
287	709	{}
287	751	{}
287	464	{}
287	382	{}
288	675	{}
288	609	{}
288	846	{}
289	787	{}
289	366	{}
289	423	{}
290	776	{}
290	972	{}
291	614	{}
291	362	{}
292	326	{}
293	780	{}
294	395	{}
294	585	{}
295	764	{}
295	369	{}
296	478	{}
296	587	{}
296	723	{}
297	895	{}
297	880	{}
298	707	{}
298	587	{}
298	728	{}
299	927	{}
300	731	{}
300	736	{}
300	300	{}
301	443	{}
301	666	{}
302	366	{}
302	533	{}
303	868	{}
303	971	{}
304	342	{}
304	621	{}
305	673	{}
305	944	{}
305	994	{}
306	574	{}
306	827	{}
306	340	{}
306	410	{}
307	905	{}
308	926	{}
308	315	{}
309	802	{}
309	883	{}
310	577	{}
310	407	{}
311	688	{}
311	603	{}
311	827	{}
311	502	{}
312	695	{}
312	614	{}
312	942	{}
313	553	{}
313	349	{}
313	316	{}
313	347	{}
313	975	{}
314	377	{}
315	957	{}
315	589	{}
315	827	{}
315	923	{}
315	506	{}
315	375	{}
315	878	{}
315	691	{}
315	803	{}
315	322	{}
316	482	{}
317	693	{}
317	453	{}
317	786	{}
318	591	{}
318	804	{}
318	631	{}
319	637	{}
319	541	{}
319	510	{}
319	623	{}
320	362	{}
321	653	{}
321	617	{}
321	560	{}
321	439	{}
323	563	{}
323	771	{}
324	464	{}
325	702	{}
326	819	{}
326	582	{}
326	404	{}
326	908	{}
326	894	{}
326	808	{}
326	555	{}
326	367	{}
326	618	{}
326	728	{}
326	344	{}
326	493	{}
326	397	{}
326	577	{}
326	328	{}
327	606	{}
327	620	{}
328	548	{}
328	508	{}
328	858	{}
329	903	{}
329	547	{}
329	578	{}
329	612	{}
330	584	{}
330	695	{}
330	854	{}
331	786	{}
331	815	{}
331	896	{}
331	957	{}
331	784	{}
331	829	{}
331	642	{}
332	824	{}
333	764	{}
333	411	{}
334	729	{}
335	561	{}
337	747	{}
338	821	{}
338	679	{}
339	591	{}
339	794	{}
339	687	{}
339	464	{}
340	870	{}
341	591	{}
341	705	{}
341	855	{}
341	825	{}
342	726	{}
343	612	{}
343	712	{}
343	949	{}
344	813	{}
345	864	{}
345	482	{}
345	615	{}
345	460	{}
345	351	{}
346	807	{}
346	544	{}
346	638	{}
347	457	{}
348	919	{}
348	626	{}
348	695	{}
349	822	{}
349	975	{}
350	925	{}
350	470	{}
350	359	{}
350	883	{}
351	679	{}
352	565	{}
352	591	{}
353	764	{}
353	427	{}
354	899	{}
354	500	{}
355	355	{}
356	761	{}
356	823	{}
356	876	{}
357	553	{}
357	654	{}
357	887	{}
357	462	{}
358	670	{}
358	462	{}
359	575	{}
359	996	{}
360	764	{}
360	653	{}
361	843	{}
361	396	{}
362	610	{}
362	475	{}
362	491	{}
362	722	{}
362	869	{}
362	554	{}
362	401	{}
362	844	{}
362	695	{}
362	373	{}
362	384	{}
362	436	{}
362	457	{}
362	959	{}
363	540	{}
363	862	{}
363	947	{}
363	844	{}
363	447	{}
364	690	{}
364	828	{}
364	656	{}
364	381	{}
365	851	{}
365	957	{}
365	978	{}
365	485	{}
365	531	{}
366	888	{}
367	727	{}
368	786	{}
368	557	{}
368	618	{}
368	870	{}
368	524	{}
369	563	{}
369	764	{}
370	611	{}
370	612	{}
370	385	{}
370	406	{}
371	872	{}
371	635	{}
372	901	{}
372	458	{}
374	634	{}
374	374	{}
375	648	{}
375	995	{}
376	716	{}
376	733	{}
376	623	{}
377	714	{}
377	998	{}
377	439	{}
379	813	{}
379	786	{}
380	561	{}
381	962	{}
381	717	{}
382	665	{}
382	578	{}
383	764	{}
383	396	{}
383	411	{}
383	753	{}
385	928	{}
386	537	{}
386	982	{}
386	489	{}
387	861	{}
387	679	{}
387	914	{}
388	855	{}
389	475	{}
389	915	{}
390	481	{}
390	920	{}
391	585	{}
392	764	{}
392	472	{}
393	719	{}
393	614	{}
393	458	{}
394	764	{}
394	971	{}
394	448	{}
395	516	{}
397	821	{}
398	764	{}
398	707	{}
399	544	{}
400	789	{}
400	694	{}
400	973	{}
401	695	{}
401	722	{}
402	764	{}
402	919	{}
403	576	{}
404	589	{}
405	843	{}
405	528	{}
405	572	{}
406	596	{}
407	624	{}
407	995	{}
407	924	{}
408	869	{}
408	557	{}
409	971	{}
409	543	{}
409	554	{}
409	561	{}
409	626	{}
409	635	{}
409	683	{}
409	911	{}
410	462	{}
410	874	{}
410	923	{}
410	437	{}
411	764	{}
411	843	{}
411	971	{}
412	612	{}
412	954	{}
412	447	{}
414	818	{}
416	848	{}
416	428	{}
416	663	{}
416	779	{}
416	484	{}
416	482	{}
417	608	{}
419	891	{}
419	476	{}
420	796	{}
420	666	{}
421	729	{}
421	700	{}
422	614	{}
422	502	{}
423	680	{}
423	714	{}
423	916	{}
423	758	{}
423	684	{}
424	909	{}
424	480	{}
424	455	{}
425	434	{}
426	696	{}
426	815	{}
427	764	{}
428	866	{}
428	976	{}
428	785	{}
429	616	{}
429	694	{}
429	482	{}
429	525	{}
430	482	{}
431	611	{}
431	940	{}
431	621	{}
432	739	{}
433	764	{}
433	777	{}
434	535	{}
434	483	{}
435	494	{}
435	751	{}
435	513	{}
436	764	{}
436	971	{}
437	607	{}
438	566	{}
438	481	{}
438	463	{}
438	890	{}
438	500	{}
439	979	{}
439	930	{}
440	786	{}
440	823	{}
440	996	{}
441	571	{}
442	533	{}
442	518	{}
442	784	{}
442	957	{}
442	888	{}
442	700	{}
442	947	{}
442	648	{}
442	876	{}
443	621	{}
443	854	{}
443	882	{}
444	949	{}
444	638	{}
445	841	{}
445	748	{}
446	709	{}
446	994	{}
447	829	{}
449	528	{}
449	978	{}
450	653	{}
450	781	{}
450	846	{}
450	851	{}
451	787	{}
451	881	{}
451	589	{}
452	764	{}
452	550	{}
452	678	{}
453	745	{}
453	703	{}
453	588	{}
453	632	{}
453	548	{}
453	831	{}
453	636	{}
453	629	{}
453	660	{}
453	741	{}
453	624	{}
453	792	{}
453	582	{}
455	653	{}
456	762	{}
456	529	{}
457	482	{}
457	635	{}
458	901	{}
458	805	{}
458	816	{}
459	791	{}
460	921	{}
460	483	{}
461	615	{}
461	461	{}
462	658	{}
462	694	{}
463	473	{}
464	669	{}
464	721	{}
464	537	{}
465	764	{}
465	668	{}
466	668	{}
466	764	{}
467	799	{}
467	952	{}
467	715	{}
468	641	{}
469	651	{}
469	975	{}
469	700	{}
470	611	{}
470	891	{}
471	764	{}
473	934	{}
473	489	{}
474	629	{}
474	681	{}
475	580	{}
476	612	{}
476	734	{}
476	626	{}
477	612	{}
477	939	{}
479	992	{}
479	495	{}
480	826	{}
482	934	{}
482	562	{}
482	654	{}
482	861	{}
482	572	{}
482	958	{}
483	720	{}
483	744	{}
483	567	{}
483	701	{}
484	612	{}
485	851	{}
486	634	{}
486	810	{}
486	818	{}
487	585	{}
488	652	{}
489	861	{}
490	968	{}
490	973	{}
491	543	{}
491	749	{}
492	578	{}
493	764	{}
493	769	{}
493	807	{}
495	566	{}
495	497	{}
496	750	{}
497	923	{}
498	832	{}
498	661	{}
498	768	{}
499	524	{}
499	999	{}
500	993	{}
501	602	{}
502	594	{}
504	764	{}
504	817	{}
504	644	{}
505	764	{}
505	518	{}
505	786	{}
505	790	{}
505	903	{}
505	560	{}
507	573	{}
507	877	{}
508	578	{}
508	629	{}
510	629	{}
510	813	{}
511	996	{}
512	792	{}
512	966	{}
513	661	{}
513	791	{}
514	646	{}
514	892	{}
514	878	{}
515	845	{}
515	827	{}
516	773	{}
516	610	{}
516	567	{}
516	832	{}
516	926	{}
517	753	{}
517	614	{}
517	821	{}
518	889	{}
518	654	{}
518	909	{}
520	646	{}
520	994	{}
521	612	{}
521	738	{}
521	695	{}
521	946	{}
522	663	{}
522	734	{}
523	828	{}
523	587	{}
523	963	{}
523	788	{}
523	621	{}
523	723	{}
524	570	{}
524	560	{}
524	958	{}
524	977	{}
524	672	{}
525	618	{}
525	589	{}
525	994	{}
526	554	{}
526	538	{}
526	968	{}
526	679	{}
526	994	{}
528	966	{}
528	885	{}
528	993	{}
529	929	{}
530	652	{}
530	627	{}
532	841	{}
532	725	{}
533	856	{}
533	598	{}
534	764	{}
534	713	{}
534	585	{}
535	561	{}
535	909	{}
535	695	{}
536	632	{}
536	600	{}
540	655	{}
540	809	{}
541	935	{}
541	685	{}
542	627	{}
542	843	{}
542	585	{}
543	670	{}
543	710	{}
543	585	{}
544	714	{}
544	818	{}
545	735	{}
545	682	{}
546	933	{}
547	932	{}
548	703	{}
548	837	{}
549	656	{}
549	973	{}
549	789	{}
550	848	{}
550	929	{}
554	720	{}
555	892	{}
555	582	{}
555	661	{}
555	965	{}
555	585	{}
556	758	{}
556	981	{}
557	598	{}
557	784	{}
558	834	{}
558	756	{}
559	907	{}
559	591	{}
561	720	{}
561	776	{}
561	767	{}
561	984	{}
561	662	{}
562	659	{}
562	658	{}
563	739	{}
563	961	{}
564	637	{}
564	980	{}
566	620	{}
566	827	{}
567	766	{}
568	924	{}
568	733	{}
569	709	{}
569	719	{}
569	591	{}
569	994	{}
571	727	{}
572	968	{}
572	970	{}
573	969	{}
573	649	{}
574	814	{}
574	745	{}
574	605	{}
574	752	{}
575	916	{}
575	681	{}
575	695	{}
576	979	{}
576	859	{}
578	612	{}
579	907	{}
579	635	{}
579	942	{}
579	810	{}
580	743	{}
581	720	{}
582	695	{}
582	589	{}
583	583	{}
583	641	{}
583	969	{}
584	629	{}
584	605	{}
584	695	{}
584	945	{}
585	894	{}
585	808	{}
585	585	{}
585	959	{}
585	646	{}
585	600	{}
586	776	{}
587	677	{}
588	801	{}
588	601	{}
588	831	{}
589	944	{}
589	746	{}
589	704	{}
590	693	{}
590	621	{}
591	721	{}
591	649	{}
591	794	{}
592	715	{}
593	993	{}
593	728	{}
594	713	{}
594	942	{}
595	595	{}
595	764	{}
596	868	{}
596	689	{}
596	612	{}
597	675	{}
598	653	{}
598	759	{}
598	917	{}
600	754	{}
600	839	{}
601	741	{}
601	756	{}
601	693	{}
602	798	{}
603	831	{}
604	694	{}
605	787	{}
606	691	{}
607	873	{}
607	827	{}
608	893	{}
609	660	{}
610	906	{}
611	949	{}
611	803	{}
611	612	{}
611	985	{}
612	866	{}
612	932	{}
612	949	{}
612	951	{}
612	735	{}
612	712	{}
612	742	{}
612	768	{}
612	715	{}
612	629	{}
613	886	{}
614	844	{}
615	634	{}
615	902	{}
615	822	{}
617	912	{}
617	805	{}
617	722	{}
619	827	{}
620	962	{}
620	806	{}
620	827	{}
621	706	{}
621	766	{}
621	800	{}
621	677	{}
621	962	{}
621	828	{}
621	788	{}
621	824	{}
621	841	{}
621	726	{}
622	884	{}
622	695	{}
623	788	{}
624	960	{}
624	701	{}
625	831	{}
625	933	{}
626	635	{}
628	786	{}
629	632	{}
629	660	{}
629	813	{}
629	831	{}
630	839	{}
630	716	{}
631	893	{}
631	819	{}
631	994	{}
634	757	{}
634	686	{}
634	637	{}
635	925	{}
635	911	{}
636	877	{}
637	895	{}
639	802	{}
639	999	{}
640	950	{}
641	989	{}
641	791	{}
643	720	{}
643	942	{}
643	852	{}
644	699	{}
645	687	{}
646	679	{}
646	709	{}
647	848	{}
647	735	{}
647	663	{}
647	712	{}
647	840	{}
648	684	{}
648	740	{}
653	990	{}
653	787	{}
654	934	{}
657	985	{}
658	885	{}
658	827	{}
659	762	{}
660	785	{}
662	662	{}
662	839	{}
664	735	{}
664	967	{}
664	911	{}
665	709	{}
667	757	{}
667	687	{}
668	890	{}
668	764	{}
668	919	{}
670	733	{}
670	993	{}
671	838	{}
671	942	{}
672	705	{}
673	865	{}
673	687	{}
674	831	{}
674	950	{}
674	987	{}
675	965	{}
679	835	{}
679	927	{}
679	824	{}
680	758	{}
680	708	{}
680	714	{}
681	774	{}
681	942	{}
682	976	{}
684	732	{}
685	757	{}
687	948	{}
688	900	{}
689	954	{}
689	858	{}
690	707	{}
692	950	{}
693	837	{}
693	703	{}
694	812	{}
695	982	{}
695	996	{}
695	753	{}
695	747	{}
696	740	{}
697	906	{}
698	831	{}
699	744	{}
700	831	{}
700	786	{}
702	942	{}
703	752	{}
703	950	{}
706	800	{}
707	836	{}
707	876	{}
707	850	{}
707	764	{}
707	942	{}
709	879	{}
710	907	{}
710	980	{}
711	739	{}
711	924	{}
712	840	{}
714	917	{}
715	764	{}
716	879	{}
716	764	{}
717	824	{}
721	724	{}
721	833	{}
722	942	{}
724	764	{}
725	797	{}
729	732	{}
730	735	{}
730	830	{}
730	860	{}
731	785	{}
731	764	{}
733	763	{}
733	764	{}
734	860	{}
734	949	{}
735	949	{}
735	786	{}
737	737	{}
737	946	{}
739	898	{}
739	956	{}
739	764	{}
743	744	{}
745	831	{}
749	911	{}
749	942	{}
750	794	{}
751	849	{}
752	831	{}
753	942	{}
754	816	{}
754	764	{}
755	841	{}
755	760	{}
756	764	{}
757	904	{}
759	787	{}
761	798	{}
763	764	{}
764	879	{}
764	799	{}
764	777	{}
764	811	{}
764	924	{}
764	778	{}
764	922	{}
764	876	{}
764	782	{}
764	796	{}
764	853	{}
764	964	{}
764	863	{}
764	952	{}
764	836	{}
764	948	{}
764	973	{}
765	839	{}
766	783	{}
766	886	{}
766	800	{}
769	834	{}
771	980	{}
774	929	{}
775	986	{}
777	820	{}
778	983	{}
780	845	{}
781	862	{}
782	983	{}
783	797	{}
784	939	{}
785	880	{}
786	823	{}
786	981	{}
786	856	{}
786	849	{}
786	812	{}
786	959	{}
790	981	{}
790	862	{}
790	798	{}
792	820	{}
792	971	{}
794	945	{}
794	803	{}
796	971	{}
797	841	{}
799	879	{}
803	895	{}
803	892	{}
803	978	{}
807	919	{}
808	942	{}
810	845	{}
811	992	{}
812	881	{}
813	837	{}
813	877	{}
814	816	{}
814	978	{}
814	831	{}
814	949	{}
817	971	{}
817	997	{}
817	875	{}
818	941	{}
820	971	{}
821	925	{}
821	996	{}
821	931	{}
821	911	{}
822	970	{}
822	910	{}
824	863	{}
824	824	{}
825	946	{}
827	961	{}
827	870	{}
827	908	{}
830	860	{}
831	950	{}
831	877	{}
831	875	{}
832	849	{}
833	853	{}
834	924	{}
836	971	{}
836	932	{}
839	955	{}
840	949	{}
841	878	{}
842	928	{}
843	971	{}
844	999	{}
844	872	{}
849	943	{}
849	957	{}
849	962	{}
849	881	{}
857	925	{}
863	983	{}
864	992	{}
866	928	{}
869	942	{}
870	920	{}
872	974	{}
881	919	{}
886	967	{}
890	920	{}
891	949	{}
893	973	{}
895	942	{}
896	994	{}
903	922	{}
905	971	{}
908	976	{}
916	943	{}
918	930	{}
921	942	{}
922	971	{}
924	964	{}
931	942	{}
937	940	{}
942	996	{}
942	974	{}
942	942	{}
946	946	{}
946	982	{}
949	984	{}
951	967	{}
958	977	{}
959	973	{}
960	989	{}
971	997	{}
971	971	{}
979	983	{}
